title,shortpitch,description
"web development","web development is improving time to time and technology also.","We are for the most part going up against a consistently reality to such a degree, that we require high and standard nearness with heaps of critical worth attributes.Our World is stretching out its quality time to time and like that advancement is also increasing.Earlier times we have as of late little and less basics so we don't foresee that improvement ought to be advanced.But in nowadays, it is remarkable and unique.In data advancement, we have diverse overhauls which intertwine web improvement affiliation, conservative application improvement affiliation, and so forth are developing these days."
"todays_coffee_cli","Today's Coffee provides a CLI to access information about 15 different types of coffee as per the Cafe Point website.","TodaysCoffeeCli:\n\nWelcome to your new Ruby Gem! It provides a CLI to access information about 15 different types of coffee as per the Cafe Point website.\n\nInstallation:\n\n$ gem install todays_coffee_cli\n\nUsage:\n\nType the below and follow the on screen prompts.\n\n$ todays_coffee_cli\n\nDevelopment:\n\nAfter checking out the repo, run bin/setup to install dependencies. You can also run bin/console for an interactive prompt that will allow you to experiment.\nTo install this gem onto your local machine, run bundle exec rake install. To release a new version, update the version number in version.rb, and then run bundle exec rake release, which will create a git tag for the version, push git commits and tags, and push the .gem file to rubygems.org.\n\nContributing:\n\nBug reports and pull requests are welcome on GitHub at https://github.com/'wendisha'/todays_coffee_cli. This project is intended to be a safe, welcoming space for collaboration, and contributors are expected to adhere to the Contributor Covenant code of conduct.\n\nLicense:\n\nThe gem is available as open source under the terms of the MIT License.\n\nCode of Conduct:\n\nEveryone interacting in the TodaysCoffeeCli project’s codebases, issue trackers, chat rooms and mailing lists is expected to follow the code of conduct."
"Tessssss","tes tes tes","Inspiration\n\ntes tes tes\n\nWhat it does\n\ntes tes tes\n\nHow I built it\n\ntes tes tes\n\nChallenges I ran inttes tes teso\n\nAccomplishments that I'm proud of\n\ntes tes tes\n\nWhat I learned\n\ntes tes tes\n\nWhat's next for Tessssss"
"BloomBud","Sympathetic Personal Machine in the form of a potted flower","Inspiration\n\nAll the team members live in single room dorm rooms. We love the idea of living with a plant as a peaceful companion, but struggle to maintain them. We thought to create a plant that would be a well-informed companion. \n\nOn the market exists assistants like Amazon Alexa and Google Home. BloomBud has the potential to do more than assist, it is meant to connect on a more personal level.\n\nWhat it does\n\nMARK1 reacts to the user's movement and outputs movement, light, and sound.\n\nHow I built it\n\nThe structure of BloomBud is currently acrylic and PLA. All of its movements are controlled by an Arduino Uno 3. \n\nChallenges I ran into\n\nTo maintain the aesthetic of a plant, wires had to be strategically arranged. Considering different sensors and controlling their range of input was time intensive.\n\nAccomplishments that I'm proud of\n\nWhat I learned\n\nWhat's next for BloomBud\n\nMore robust construction and debugged code."
"Hamilton Gaiani","Hamilton Gaiani","Website : http://hamiltongaiani.com/\n\nDr. Hamilton Gaiani is doing his part to help his community. In 2017, he founded a sober living home for women called Phoenix 43. While living at this house, the women are held accountable and focus on their wellness with the support of the staff and other residents. As an addiction psychiatry fellow at Yale, Dr. Hamilton Gaiani knew he had the knowledge and capability to run this recovery center in New Haven, CT. His work is making a huge difference in many lives and is setting up a more positive future. He recognizes how scary and real the opioid epidemic in the United States is and worked hard to help those struggling with addiction. Dr. Hamilton Gaiani is the main program consultant for Phoenix 43 in order to make sure the home and program are working to their full potential. Dr. Gaiani’s dedication is admirable and will help save countless lives."
"Django-Mongo-Boilerplate","Basic template for Django MongoDB projects with default managers and middlewares and loggers.","Django-Mongo-Boilerplate\n\nJust clone and go ahead. Already integrated Pymodm default manager and custom loggers."
"Crowd-Tracker-App","Crowd Tracking for Delhi Metro Stations","Crowd tracking software"
"TrinderBlue","A Travelers Tinder","Inspiration\n\n/N\n\nWhat it does\n\nHow I built it\n\nChallenges I ran into\n\nAccomplishments that I'm proud of\n\nWhat I learned\n\nWhat's next for TrinderBlue"
"ring razor","TBD","-\n\nInspiration\n\nWhat it does\n\nHow I built it\n\nChallenges I ran into\n\nAccomplishments that I'm proud of\n\nWhat I learned\n\nWhat's next for ring razor"
"AWS","project5","Inspiration\n\nI'm learning Amazon Web Service.\n\nWhat it does\n\nHow to connect customer service\n\nHow we built it\n\nHow to built the project 5\n\nChallenges we ran into\n\nHow to get the assignment done\n\nAccomplishments that we're proud of\n\nI accomplishments quizs\n\nWhat we learned\n\nI learned the papers is alot for me to print\n\nWhat's next for AWS\n\nI'm still continue"
"JetBlueFlightSimulatorTeamNJIT","This is a flight simulator meant to give you show you what your in-flight experience could look.","Inspiration\n\nWe wanted to give travellers an idea of what a comfortable jetBlue flight feels like before they book.\n\nWhat it does\n\nIt simulates different experiences a passenger would have on the plane; what the seat they are assigned to looks like, the food and drink options and other fun perks. \n\nHow we built it\n\nWe made the digital models in Adobe Illustrator and the webpage in HTML and CSS. \n\nChallenges we ran into\n\nWe had a hard time connecting the webpages to each other. We also had a hard time attaching a GIF that was a part of the experience.\n\nAccomplishments that we're proud of\n\nThe fluidity of the pages and the graphics for the simulations.\n\nWhat we learned\n\nWebpages are not hard to create but very time consuming. It would also be helpful to have the same graphics to create more fluidity throughout. \n\nWhat's next for JetBlueFlightSimulatorTeamNJIT\n\nCreate more awesome websites and maybe even extend into VR."
"Twitter-Stream-API-Dataset","Twitter Dynamic Dataset Api. Create any dataset YOU want.","Twitter-Stream-API-Dataset\n\nThis Script will help user to stream/search/download tweets based on different tracks, search parameters, etc.\n\nThis script is developed in Python 3.6 using the following packages :\n\n\nFlask\nTweepy\nPyMongo\njson\ntime\ndatetime\nio\n\n\nYou will also need a running MongoDB client on your machine\n\nTo use this script - \n\n\nClone this repository.\nDownload all the packages required.\nRun the script streamtest.py in command prompt.\nVisit http://127.0.0.1:5000/ for the root access to the script.\nUse different API endpoints as mentioned below for different works.\n\n\nAPI 1 (Trigger Tweets)\n\nendpoint - /triggertweets?<arguments>\n\nThis endpoint will trigger a thread to stream all the tweets on a certain keyword present in the tweet text and store them in a database.\n\nArguments :\n\n\nkeyword - NECESSARY argument needed for this API. This is the keyword which would be searched in the tweet stream.\nexample - /triggertweets?keyword=Modi\nmax_tweets - OPTIONAL argument to specify after how many tweets to stop the streaming. If not provided, default value 10 is taken.\nexample  - /triggertweets?keyword=Modi&max_tweets=50\n\n\nAPI 2 (GET RESULTS ON WEBPAGE)\n\nendpoint - /gettweets?<arguments>\n\nThis endpoint can be used to search and analyse different tweets already present in the database or after adding the tweets using the 1st API. This endpoint will provide results by using pagination as the number of tweets could be really large.\nUsing this API, we can - \n..* Search for all tweets for a given keyword.\n..* Search tweet texts to find a substring in a partical track.\n..* Can apply filters such as sort , slice, dice, range filters, etc.\n\nArguments:\n\n\nkeyword - NECESSARY argument needed to search tweets based on that specific track. Will provide a Bad Request 400 if not provided.\nlimit - To limit the number of tweets displayed upfront. Can be varied. Default is 10.\noffset - To tell which index tweet to start displaying with.\nname - Search tweets by user's Display Name.\nscreen_name - Search tweets by user's Screen Name.\nretweet_count - Search tweets with given minimum retweet count.\nreply_count - Search tweets with given minimum reply count.\nfavorite_count - Search tweets with given minimum favorite count.\nlang - Search tweets with given language (eg - en,hi,etc.)\nsort_by - Sorts the output by the given field (id,created_at,text). Default is id.\norder - order the sorted tweets in ASC(ending) or DESC(ending) order. Default is ASC.\ndate_start - Search tweets only after starting date (converted to timestamp for computation).\ndate_end - Search tweets only before ending date (converted to timestamp for computation).\nsearch - Tells which string parameter to search in the tweets for a given substring.\nsearch_type - Tells how to search the substring in the given parameter (starts,ends,contains). NECESSARY when search is not null.\nsearch_value - Tells which substring to find in the given parameter. NECESSARY when search is not null.\n\n\nAPI 3 (Download Results as a CSV)\n\nendpoint - /download/gettweets?<arguments>\n\nThis endpoint works exactly like API 2 but instead of having the results displayed on the webpage, it downloads a CSV file containing the results. All the arguments and formats remain same as API 2.\n\nProject Developed As Assignment for INNOVACCER. No rights have been reserved. In order to change/modify any content please contact me first. Clone and have fun using this script."
"Onboarding","employee","Will add later"
"9gag website bot for discord","#discord","Inspiration\n\nwaisting time to surf in the website of 9gag and copy links and send them in discord\n\nWhat it does\n\nbring the top funny or any kind of section of that website and send it as message \n\nHow I built it\n\nwith python and discord plugin \n\nChallenges I ran into\n\nthe way of getting the right links \n\nAccomplishments that I'm proud of\n\nthe first time i used python without knowing any syntax of it"
"Flight Attendant Communication Portal","Super Call Button- The Flight Attendant Experience Improved","Inspiration\n\nWhat it does\n\nIt lets you communicate specific needs to flight attendants\n\nHow we built it\n\nsee java doc\n\nChallenges we ran into\n\nAccomplishments that we're proud of\n\nCompleting the program\n\nWhat we learned\n\nWhat's next for Flight Attendant Communication Portal"
"Ostersprüche","Ostern sprüche Sprüche Zu Ostern Ostersprüche 2019 Ostern sprüche 2019 Frohe Ostern sprüche Ostersprüche Lustig","Der Engel sagte zu den Frauen: \"Habt keine Angst, denn ich weiß, dass ihr nach Jesus sucht, der gekreuzigt wurde. Er ist nicht hier; er ist auferstanden, genau wie er gesagt hat. Komm und sieh dir den Ort an, an dem er lag. ~Matthäus 28,5-6.\n\nAus diesem Grund feiern wir Ostern - die Tatsache, dass Jesus lebt -, dass der Tod ihn nicht im Grab halten konnte. Eigentlich ist das \"nur\" ein Teil des Grundes, warum wir Ostern feiern. Es ist der Grund, warum Jesus überhaupt im Grab war, warum wir feiern können. Der Grund, warum wir mit jedem Gramm unseres Seins feiern sollten.\n\nChristen gehen oft davon aus, dass jeder die Bedeutung von Ostern aus religiöser Sicht kennt. Aber die Wahrheit der Sache ist, dass in der heutigen Welt etwas mehr als ein Viertel der Amerikaner nicht glauben, dass Jesus von den Toten auferstanden ist.\n\nSelbst unter den Menschen, die sagen, dass sie glauben, dass Jesus der Sohn Gottes ist und dass er von den Toten auferstanden ist, gibt es nur ein Drittel, das regelmäßig in der Ortsgemeinde anbetet, studiert, mitarbeitet und dient.\n\nFür diese Leute geht es bei Ostersprüche um Eiersuchen, Hasen, Körbe mit Süßigkeiten und das Tragen neuer pastellfarbener Kleidung, während sie diese Aktivitäten genießen.\n\nAber ob du nun ein Ungläubiger oder nur ein Gelegenheitsgläubiger bist, ich fühle mich geehrt, diejenige zu sein, die die Wahrheit des Osterfestes mit dir teilt. Es ist mein Privileg und meine Verantwortung, mit Ihnen das Wer, Was, Wie, Wie und Warum von Ostern zu teilen.....\n\nWer\n\nOstern ist das Wochenende, an dem der Tod, die Beerdigung und die Auferstehung Jesu gefeiert wird. Jesus ist der eine und einzige Sohn Gottes. Er wurde von der Jungfrau Maria geboren, von Maria und ihrem Mann Josef aufgezogen, so wie sie auch ihre anderen Kinder aufzogen.\n\n\n\nJesus lebte ein sündloses Leben. Er begann seinen Dienst, die Botschaft von Gottes Liebe und Willen für unser Leben nach seiner Taufe im Jordan durch seinen Cousin John, etwa im Alter von dreißig Jahren, zu verbreiten.\n\nDrei Jahre lang heilte er diejenigen, die Heilung brauchten, tat mehr Wunder, als aufgezeichnet werden konnte (Johannes 21,25), predigte, ermahnte und betreute alle, die zuhören würden.\n\nWas\n\nDas Osterfest beginnt am Karfreitag - dem Tag, an dem Jesus am Kreuz gekreuzigt wurde. Die Feier endet am Sonntagmorgen, wenn wir seine Auferstehung von den Toten feiern, so wie Gott es versprochen hat.\n\nOstern ist eine Feier des Sieges über das Natürliche durch die übernatürliche Heiligkeit Jesu. Es ist eine Feier des Sieges über die Sünde, denn Sünde und Satan haben keine Macht über den Tod.  Das tut nur Gott.\n\nWie\n\nGott ist der heilige, allmächtige, allmächtige, allmächtige Schöpfer und Herrscher des Universums. Ostern ist nur möglich, weil Gott Gott Gott ist.\n\nWarum\n\nOstern geschah aus Liebe Gottes zu uns. Die Heiligkeit Gottes kann nicht zulassen, dass er in der Gesellschaft der Sünde ist. Aber sein Wunsch, mit dir und mir zusammen zu sein, ist so groß, dass er seinen vollkommenen und sündlosen Sohn Jesus im Tod am Kreuz als Opferzahlung für unsere Sünden geopfert hat. Jetzt können wir Gott den Vater und seinen Sohn Jesus auf persönliche Weise erkennen und den Rest der Ewigkeit mit ihm verbringen!\n\nDie Worte eines von Dottie Rambo geschriebenen Liedes fassen es besser zusammen, als ich es kann, also, wenn ich dies zum Abschluss bringe, möchte ich beten, dass du die Worte in dein Herz sinken lässt und sie dich dazu führen lässt, das Leben, den Tod und das erneuerte und ewige Leben Jesu zu feiern. Lasst es euch führen, euer eigenes neues Leben zu feiern, indem ihr Gottes Geschenk der Erlösung durch Jesus annehmt."
"MERN_weather_app","Weather app with api","I want to do something with my own strength and show that I can do something. :)"
"you know what i meme clothing brand","-","-\n\nInspiration\n\nWhat it does\n\nHow I built it\n\nChallenges I ran into\n\nAccomplishments that I'm proud of\n\nWhat I learned\n\nWhat's next for you know what i meme clothing brand"
"JetYou","Instead of JetBlue its JetYou","Inspiration\n We were all inspired to take on this project due to our love to travel. We wanted to place our own spin on jetBlue's 5 core values.  Created a customer facing project that shows how caring jet blue is as a company.\n\nWhat it does\n This website contains new functions that would allow the user to be more engaged with the site as well as the employees. \n\nHow I built it\n\nWe collaboratively used glitch to build our project using java script, html, and css.\n\nChallenges I ran into\n\nWe ran into problems with the google script since it was a new concept to me. Overuse of div tags can be difficult for someone new reading our code to understand.\n\nAccomplishments that I'm proud of\n\nI'm proud of the user interface.\n\nWhat I learned\n\nI learned how to utliize new javascript functions.\n\nWhat's next for JetYou\n\nIn the future, we would change the functionality of the site based on the topic."
"Sure and...","An interactive discord bot.","Inspiration\n\nWe wanted to try something new based on conversation.\n\nWhat it does\n\nIt is an interactive Discord bot that does many different functions. Such as jokes, advice, photos from reddit, interactive stories, information from NASA, calculations, and more!\n\nHow we built it\n\nWe started a server on Discord and then programmed a bot with Node.js, Discord.js, and regualr js. \n\nChallenges we ran into\n\nOne of our partners could not come because she was very sick so we only had two coders. Also neither of us had ever used node.js or discord.js. Also many of the apis we used were hard to implement. \n\nAccomplishments that we're proud of\n\nWe are proud of making a bot using many languages and programming techniques that we have never tried before. \n\nWhat we learned\n\nWe learned that you can learn a lot about coding on your own outside of the classroom. Specifically for us we learned a lot about discord, node, and apis. \n\nWhat's next\n\nIf we had more time we would want to have the bot play music using youtube or Spotify apis. Also make more complex calculations with Wolfram Alpha api."
"We Are Women","'We Are Women' aims to connect women across the United States.","Challenges we ran intoOur website and idea relate to the theme because we interpreted ‘and’ as a word that is used to connect things together and also add to a list of things. For this reason, we decided to create a website that connected women together into a platform of many women, therefore adding to the community. Our website was inspired by International Women’s Day on March 8th. Our main goal is connecting women across the United States by offering lists of events happening in each state that are focused on both inspiriting and bringing women together. We created a platform that uses the new API to show the latest news on women’s accomplishment. We used certain keywords that were implemented in the API in order to show on our website the news related to things like empowerment and celebration of women’s days. Since this year’s hashtag for women’s day is BalanceforBetter, the news articles on this website will eventually make the world balanced, for better."
"The Picnic Hackathon Img-Recognition","Classifying images of defect products","Inspiration\n\nWill be added\n\nWhat it does\n\nHow I built it\n\nChallenges I ran into\n\nAccomplishments that I'm proud of\n\nWhat I learned\n\nWhat's next for The Picnic Hackathon Img-Recognition"
"jetBlue Group Trips","Make group travel easy and stress free!","Inspiration: As college students, we all understand the struggle of trying to coordinate a group trip. JetBlue's services prove to truly satisfactory and we believe adding this feature will make their services even better.\n\nWhat it does: Makes planning group vacations efficient and convenient.\n\nHow we built it: Using CSS, HTML, and Javascript.\n\nChallenges we ran into: We were short on time and couldn't implement all the great ideas we had.\n\nAccomplishments that we're proud of: Working together and collaborating on a great idea that we put all our efforts into.\n\nWhat we learned: Working in a group with a time constraint can be stressful but it allows us to grow and learn.\n\nWhat's next for jetBlue Group Trips: We hope JetBlue agrees that this feature will be very helpful and will implement on their website and app."
"And After","A story-type game prompting users to ad-lib given specific random-generated words.","This was inspired by an improv game called \"Yes, and...\"."
"Yahoo Finance Data Scraping","a personal mini project for scraping and analyzing stock market data","• Extracted, cleaned, and organized data about 100 most active stocks from Yahoo finance\n• With IEX Trading API, analyzed the statistics and historical records of these stocks using a SQLite database\n• Queried the database and researched on whether stocks’ past performance is an accurate metric for investors’ decision today"
"Jet Blue - BlueBud the ChatBot","To create an easier experience for a first-time flier, but is usable for everyone.","The inspiration behind this project is to follow Jet Blue's five core values: safety, caring, integrity, passion and fun. They help form the foundation of who we are. The goal is to bring humanity back to air travel. They do this by delivering value, service style and comfort. \n\nIt creates an easier experience for a first-time flier, but is usable for everyone. It is also user friendly for all ages.\n\nWe used ibm-watson, Javascript, HTML5, and CSS.\n\nWe are proud of learning how to use a new platform, ibm-watson and successfully building a chat bot. We are proud to have implemented AI\n\nWe learned how to manipulate and modify API files, javascript files \n\nWhat's next for Jet Blue - BlueBud the ChatBot"
"Festpal","Memudahkan UMKM untuk berjualan pada festival pariwisata yang ada di Kabupaten Banyuwangi","Inspiration\n\ntest\n\nWhat it does\n\nHow we built it\n\nChallenges we ran into\n\nAccomplishments that we're proud of\n\nWhat we learned\n\nWhat's next for Festpal"
"Shoot Em Up","A shooter genre game developed in Java. Includes features such as enemy AI, and user controls.","Shoot-Em-Up\n\nCreated a shooter genre game by developing several classes and utilizing OOP principles to generate the automated movement of the CPU enemies and bullets. Implemented a GUI and various methods to keep track of player lives, points, and an end game scenario. Devised an algorithm prompting the enemy bots’ bullets to follow and target the player’s movement.\n\nTo play the game, run the \"Game Panel\" class. \n\nThe player must use the WASD keys to dodge the bullets that the enemies are shooting. There are 3 different iterative waves of enemies firing bullets at you.\n\nAs the player, you can shoot back at the enemies using the \"V\" key. Player bullets are green.\n\nThe player scores 1 point every time they survive a wave of enemies or when they kill an enemy by hitting them with 3 bullets. \nThe player starts each game with 5 lives, and the end game window will pop up once you lose all your lives."
"senior care Tampa","this is about home care service center","The motivation behind home idea Tampa association is that give oversee somebody who need more idea. An individual with Alzheimer's or dementia is hard to oversee. The correspondence is hard to this patients. Our capacity of Tampa dementia care associations and Alzheimers care Tampa  are mind boggling communicator. The parental figure dealing with the tidiness, it keeps the spreading of illnesses. As a touch of home idea association Elder idea Tampa and senior care Tampa  association are also open."
"The Daily Orange Alexa Skill","An Alexa skill that correctly parses the headlines from The Daily Orange website RSS feed.","The Daily Orange Alexa Skill\n\n\n\n\n\nAn Alexa skill that parses the RSS feed on The Daily Orange website. Just say to your Alexa, \"Alexa ask The Daily Orange what are the headlines?\" \n\nResources\n\nBuilt using the Alexa Python SDK: \nhttps://developer.amazon.com/docs/sdk/alexa-skills-kit-sdk-for-python.html"
"All You Can Give Back","A feature to the JetBlue site that allows customers to find volunteering opportunities to add to their vacations.","Inspiration:\n\nWe created this prototype interface to allow customers the opportunity of doing volunteer work alongside their vacation planning, either in conjunction with, or instead of a vacation. The inspiration for this is behind the need for volunteers worldwide. \n\nWhat it does:\n\nThe volunteering organizations partner with JetBlue to show their events on their website.  In return, JetBlue provides bonus miles, incentives or even discounts to the customer, as part of their social responsibility mission while giving exposure to the various programs.  JetBlue wins customers, customers win a life-changing experience, and the world wins support!\n\nHow we built it:\n\nWe built this project using Ruby on Rails, scraping with Nokogiri and formatting with Bootstrap. \n\nChallenges we ran into:\n\nScraping! We tried to scrape an international volunteering website to gather opportunities to then be displayed to the customers, using branded JetBlue layouts. We came across an issue with the actual scraping; the site only allowed us to take the first object, rather than all of the listings. Definitely something to improve later! \n\nAccomplishments that we're proud of:\n\nWe're SO proud of our innovative idea, adding value to both the company's goals and helping make the world a better place. \n\nWhat we learned:\n\nWe learned the importance of creating solid structures and models figured at the beginning of the process.\n\nWhat's next for All You Can Give Back:\n\nWe'd like to add more features to expand into more geographies. We'd also like to add more functionality creating a more seamless UX, providing better flow between the booking process and selecting volunteering opportunities."
"jetBlue Fun-Facts Game","Trivia game to keep everyone entertained during taxiing time!","Inspiration\n\nWe were inspired by JetBlue's customer-focused mission. JetBlue offers free snacks on flight and will now provide in-flight trivia games. \n\nWhat it does\n\nThis Java program utilizes the JOptionPane class to ask the questions and calculate the score. \n\nHow we built it\n\nIn Eclipse, we coded in Java. \n\nChallenges we ran into\n\nWe recognize the limitations of our coding skills. We actually taught ourselves arrays and JOptionPane today. \n\nAccomplishments that we're proud of\n\nWe programmed a functioning trivia game. \n\nWhat we learned\n\nWe gained invaluable teamwork skills to complete a project within a deadline. We learned that with a bit of motivation we can advance our skills. \n\nWhat's next for jetBlue Fun-Facts\n\nThis program can be expanded with more levels, prizes, social media integration on the back-end, and better graphic design on the front-end."
"hackaton-web-app","Responsive web App",""
"Plan a Trip","Plan a trip in NYC","Inspiration\n\nCollaboration\n\nWhat it does\n\nHow I built it\n\nChallenges I ran into\n\nAccomplishments that I'm proud of\n\nWhat I learned\n\nWhat's next for Plan a Trip"
"Ringtones Mobile","Top ringtones 2019 free download","Best ringtone collection 2019\n\n\nTere Bin Nahi Lagda Dil Mera Dholna ringtone\nDownload Tere Bin Nahi Lagda Dil Mera Dholna Ringtone Mp3 free for all mobile phones. Listen and download high quality Tere Bin Nahi Lagda Dil Mera Dholna ringtones.\nMere Wala Sardar ringtone download\n(298.82 KB) Download Mere Wala Sardar ringtone in Hindi ringtones category. Download high quality Mere Wala Sardar ringtones for free.\nTeri pyari pyari do akhiyan ringtone\n(585.23 KB) Download Teri pyari pyari do akhiyan ringtone in Hindi ringtones category. Download high quality Teri pyari pyari do akhiyan ringtones for free.\nChahunga Main Tujhe Hardam Tu Meri Zindagi ringtone\n(749.43 KB) Download Chahunga Main Tujhe Hardam Tu Meri Zindagi ringtone to your cell phone from Ringtonesmobile.net - Ringtones 2018 for mobile.\nMera bhola hai bhandari kare nandi ki sawari ringtone\nDownload Mera bhola hai bhandari kare nandi ki sawari Ringtone Mp3 free for all mobile phones. Listen and download high quality Mera bhola bhandari ringtone.\n\n\nBest ringtone mobile phone at RingtonesMobile.net"
"Cheap Music Transcription Service","Cheap Music Transcription Service",""
"pymodm","A Pythonic, object-oriented interface for working with MongoDB.","======\n\nPyMODM\n\n.. image:: https://readthedocs.org/projects/pymodm/badge/?version=stable\n   :alt: Documentation\n   :target: http://pymodm.readthedocs.io/en/stable/?badge=stable\n\n.. image:: https://travis-ci.org/mongodb/pymodm.svg?branch=master\n   :alt: View build status\n   :target: https://travis-ci.org/mongodb/pymodm\n\n.. image:: https://badges.gitter.im/mongodb/pymodm.svg\n   :alt: Join the chat at https://gitter.im/mongodb/pymodm\n   :target: https://gitter.im/mongodb/pymodm?utm_source=badge&utm_medium=badge&utm_campaign=pr-badge&utm_content=badge\n\nA generic ODM around PyMongo_, the MongoDB Python driver. PyMODM works on Python\n2.7 as well as Python 3.3 and up. To learn more, you can browse the official\ndocumentation_ or take a look at some examples_.\n\n.. _PyMongo: https://pypi.python.org/pypi/pymongo\n.. _official documentation: http://pymodm.readthedocs.io/en/stable\n.. _examples: https://github.com/mongodb/pymodm/tree/master/example\n\nWhy PyMODM?\n\nPyMODM is a \"core\" ODM, meaning that it provides simple, extensible\nfunctionality that can be leveraged by other libraries to target platforms like\nDjango. At the same time, PyMODM is powerful enough to be used for developing\napplications on its own. Because MongoDB engineers are involved in developing\nand maintaining the project, PyMODM will also be quick to adopt new MongoDB\nfeatures.\n\nSupport / Feedback\n\nFor issues with, questions about, or feedback for PyMODM, please look into\nour support channels <http://www.mongodb.org/about/support>. Please do not\nemail any of the PyMODM developers directly with issues or questions -\nyou're more likely to get an answer on the mongodb-user\n<http://groups.google.com/group/mongodb-user> list on Google Groups.\n\nBugs / Feature Requests\n\nThink you’ve found a bug? Want to see a new feature in PyMODM? Please open\na case in our issue management tool, JIRA:\n\n\nCreate an account and login <https://jira.mongodb.org>_.\nNavigate to the PYMODM project <https://jira.mongodb.org/browse/PYMODM>_.\nClick Create Issue - Please provide as much information as possible about the issue type and how to reproduce it.\n\n\nBug reports in JIRA for all driver projects (e.g. PYMODM, PYTHON, JAVA) and the\nCore Server (i.e. SERVER) project are public.\n\nHow To Ask For Help\n\nPlease include all of the following information when opening an issue:\n\n\nDetailed steps to reproduce the problem, including full traceback, if possible.\nThe exact python version used, with patch level::\n\n\n$ python -c \"import sys; print(sys.version)\"\n\n\nThe exact version of PyMODM used, with patch level::\n\n\n$ python -c \"import pymodm; print(pymodm.version)\"\n\n\nThe PyMongo version used, with patch level::\n\n\n$ python -c \"import pymongo; print(pymongo.version)\"\n\n\nThe operating system and version (e.g. Windows 7, OSX 10.8, ...)\nWeb framework or asynchronous network library used, if any, with version (e.g.\nDjango 1.7, mod_wsgi 4.3.0, gevent 1.0.1, Tornado 4.0.2, ...)\n\n\nSecurity Vulnerabilities\n\nIf you’ve identified a security vulnerability in a driver or any other\nMongoDB project, please report it according to the instructions here\n<http://docs.mongodb.org/manual/tutorial/create-a-vulnerability-report>_.\n\nExample\n\nHere's a basic example of how to define some models and connect them to MongoDB:\n\n.. code-block:: python\n\nfrom pymongo import TEXT\n  from pymongo.operations import IndexModel\n  from pymodm import connect, fields, MongoModel, EmbeddedMongoModel\n\n# Connect to MongoDB first. PyMODM supports all URI options supported by\n  # PyMongo. Make sure also to specify a database in the connection string:\n  connect('mongodb://localhost:27017/myApp')\n\n# Now let's define some Models.\n  class User(MongoModel):\n      # Use 'email' as the '_id' field in MongoDB.\n      email = fields.EmailField(primary_key=True)\n      fname = fields.CharField()\n      lname = fields.CharField()\n\nclass BlogPost(MongoModel):\n      # This field references the User model above.\n      # It's stored as a bson.objectid.ObjectId in MongoDB.\n      author = fields.ReferenceField(User)\n      title = fields.CharField(max_length=100)\n      content = fields.CharField()\n      tags = fields.ListField(fields.CharField(max_length=20))\n      # These Comment objects will be stored inside each Post document in the\n      # database.\n      comments = fields.EmbeddedModelListField('Comment')\n  class Meta:\n      # Text index on content can be used for text search.\n      indexes = [IndexModel([('content', TEXT)])]\n\n# This is an \"embedded\" model and will be stored as a sub-document.\n  class Comment(EmbeddedMongoModel):\n      author = fields.ReferenceField(User)\n      body = fields.CharField()\n      vote_score = fields.IntegerField(min_value=0)\n\n# Start the blog.\n  # We need to save these objects before referencing them later.\n  han_solo = User('mongoblogger@reallycoolmongostuff.com', 'Han', 'Solo').save()\n  chewbacca = User(\n      'someoneelse@reallycoolmongostuff.com', 'Chewbacca', 'Thomas').save()\n\npost = BlogPost(\n      # Since this is a ReferenceField, we had to save han_solo first.\n      author=han_solo,\n      title=\"Five Crazy Health Foods Jabba Eats.\",\n      content=\"...\",\n      tags=['alien health', 'slideshow', 'jabba', 'huts'],\n      comments=[\n          Comment(author=chewbacca, body='Rrrrrrrrrrrrrrrr!', vote_score=42)\n      ]\n  ).save()\n\n# Find objects using familiar MongoDB-style syntax.\n  slideshows = BlogPost.objects.raw({'tags': 'slideshow'})\n\n# Only retrieve the 'title' field.\n  slideshow_titles = slideshows.only('title')\n\n# u'Five Crazy Health Foods Jabba Eats.'\n  print(slideshow_titles.first().title)"
"SMILEMOJI™","Selfie turns into a SMILEMOJI™ based on their eye color, skin tone, hair color, gender, and emotion!","Inspiration\n\nHackTrinVi\n\nWhat it does\n\nEnter a headshot of a person and see them turned into a SMILEMOJI™ based on their eye color, skin tone, hair color, gender, and emotion!\n\nHow we built it\n\nMathematica\n\nChallenges we ran into\n\nDesign SMILEMOJI™ \n\nAccomplishments that we're proud of\n\nSMILEMOJI™ \n\nWhat we learned\n\nTeamwork makes the dreamwork\n\nWhat's next for SMILEMOJI™\n\nUnknown"
"Flight Info","An easy interface for flight attendants to inform passengers of information they want","Everyone knows the feeling of sitting on a plane in the dark, wondering why they are going nowhere, have not taken off, have been taxiing for an hour, or maybe have landed but cannot get off. We created a program to avoid this problem, by allowing flight attendants to easily, electronically send this information to the passengers."
"JetBlue Cancellation Module","An instant flight rebook after the flight has been cancelled.","Inspiration\n\nThe existing flight cancellation system does notify the client when a flight has been cancelled, and the user is required to reach out to customer service via phone to find out the next steps of the procedure. \n\nBased on the conducted surveys customers find this process tedious and time consuming. \nAnd as a result, this affects the company reputation and customer satisfaction. \n\nWhat's next for JetBlue Cancellation Module\n\nTo improve the service, JetBlue decides to work on the implementation of alter methodologies in case of flight cancellation.\nA proposed solution is not only to notify the customer in any cancellation scenario but also provide an interface with all the upcoming flights, which will facilitate the user to rebook the flight instantly, with only one click!\n\nHow I built it\n\nHTML PHP SQL- XAMPP"
"JetBlue In My Seat","Jet Blue has free wifi, lets take advantage of that by enhancing the travelers experience with an app.","Inspiration\n\nWith JetBlue's offer of free wifi, we decided to take advantage of that and extends jetBlue's care to it's passengers\n\nWhat it does\n\nOur program is an in flight app that allows passengers to check the status of the restrooms. It also allows for passengers to create and join a virtual line.\n\nHow we built it\n\nWe built it using Java and Android Studio\n\nChallenges we ran into\n\nWe ran into challenges with connecting the frontend to the backend. We could have fully debugged it with more time\n\nAccomplishments that we're proud of\n\nWe are proud to have learned new concepts in Java and get it to basically work\n\nWhat we learned\n\nWe learned new interactions within android studio\n\nWhat's next for JetBlue In My Seat\n\nJet Blue has free wifi, lets take advantage of that by enhancing the travelers experience with an app. \nDon't line up for the restroom at the back of the plane. Do it viritualy from your seat and only get up when its guaranteed to be your turn."
"kiralık bahis sitesi","bahis sistemleri yazılımları.","Inspiration\n\nĶİRALIK BAHİS SİTESİ\n\nKiralık bahis siteleri, 2008 yılında kurulan yazılım şirketimizle sizlere her zaman en kaliteli sistemleri yapmayı benimsemiş kadromuzla sizlere en iyi hizmeti sunmaktayız.Günümüzde sizlere sunmuş olduğumuz siteler çok popüler bir hal almıştır nedenleri ise bu sitelerde şuan ülkemizde legal olan sitelerin aksine bir çok özelliğe sahiptir.\n\nKiralık bahis siteleri\n\nYasal siteler günümüzde sadece oyuncunun kaybetmesi üzerine kurulmuş bir sistemdir,oyuncuyu 3 maç 4 maç konbin yapmaya zorluyarak kaybetme olasılığını yükseltmektedir.Bizim sizlere sunmuş olduğumuz sitelerde ise tek maç oynayabilme,maç oynanırken bahis alabilme,futbol,basketbol,tenis,sanal futbol gibi… Bu siteler oyuncunun kazanması üzerinedir bu neden dolayı ülkemizde oyuncular bu siteleri tercih etmektedir.Ve gün geçtikçe daha popüler bir hale gelmiştir.\n\nBahis sitelerimizin şu şekilde sıralanmaktadır Joker, Süper admin, Admin, Bayi ve kasa şeklindedir.Bu sıralamadaki sayfalar herbiri ayrı göreve sahiptir.Sitelerimizin hepsinde gelişmiş admin panelleri bulunmaktadır.Bu panellerde kısaca neler yapabilirsiniz,Bayilerle mesajlaşma,maç listesiyle oynuyabilme,bakiye hesaplama,kuponların detayını görebilme,kupon iptali,Detaylı bir şekilde gelir gideri görüntüleme,bayi ekleme silme pasif etme oyuncu ekleme,maçlarda oran düşürme,maçı saklama,Oynanma yoğunlugunu görebilme,iddaa kodu koyma,istenilmeyen bir liğ bülten den kaldırma vs bunun gibi daha birçok özellige sahiptir.\n\nWhat it does\n\nHow I built it\n\nChallenges I ran into\n\nAccomplishments that I'm proud of\n\nWhat I learned\n\nWhat's next for kiralık bahis sitesi"
"JetBlue-Trip planner","Trying to plan your next trip? Take our personality quiz to figure out where you could be traveling to next!","Inspiration\n\nWe were inspired by JetBlues core values!\n\nWhat it does\n\nA user can explore the JetBlue Quiz which calculates your next destination based on your answers. A user can interact with the web page to view an embedded twitter timeline displaying JetBlue's tweets.\n\nHow we built it\n\nFront-end: Javascript, React, & Bootstrap \nBack-end: Node.JS, Express, Sequelize, PostgreSQL\n\nChallenges we ran into\n\n\nCss styling"
"Jetblue Cares","Jetblue Cares","Jetblue Cares"
"Movie Suggestions","You give me a movie you like, I give you a list of other movies you might like.","Inspiration\n\nNetflix's increasingly terrible suggestions for me\n\nWhat it does\n\nGives you movie suggestions\n\nHow I built it\n\nMagic\n\nChallenges I ran into\n\nSending items from the controller to the view\n\nAccomplishments that I'm proud of\n\nLearning mvc\n\nWhat I learned\n\nMVC \n\nWhat's next for Movie Suggestions\n\nMore filtering options, lookup up by genre, looking up by actor..."
"Life","Interactive Teamwork game","Our inspiration was the game fire boy and water girl. It is a collaborative game. We used P5 to build our game. We had difficulty with everything.  We're proud of getting the guys to register color, and Sanya.  We learned how to overcome challenges, and how to get the colors of different coordinates. Hacktrin VII is next!\n\nInspiration\n\nWhat it does\n\nHow we built it\n\nChallenges we ran into\n\nAccomplishments that we're proud of\n\nWhat we learned\n\nWhat's next for Life"
"Ostersprüche","Ostern sprüche Sprüche Zu Ostern Ostersprüche 2019 Ostern sprüche 2019 Frohe Ostern sprüche Ostersprüche Lustig","Zuerst einmal solltest du wissen, dass es alle möglichen Argumente darüber gibt, wie Jesus an einem Samstag oder einer ganz anderen Jahreszeit von den Toten auferstanden ist. Es gibt ganze Religionen voller Menschen, die nicht glauben, dass Jesus überhaupt von den Toten auferstanden ist. Aber das ist nicht das, worüber wir reden. Wir sprechen darüber, wen wir an Ostern feiern und warum wir Ihn feiern. Du bist für einen Satz gekommen. Hier kommt es.\n\nWir feiern Ostersprüche, um unseren ewig vollkommenen Gott anzubeten, der sich von jeder anderen Gottheit getrennt hat, indem wir uns entschieden haben, seine eigenen Rechte und sein eigenes Leben aufzugeben, um die Rechte und das Leben seiner Schöpfung wiederherzustellen und zu retten.\n\nLies das noch einmal. Es gibt nur einen Gott, der aufgibt, was er verdient, um seiner Schöpfung zu geben, was sie nicht tut. Das ist unser Gott. Deshalb feiern wir Ostern. Vielleicht bist du kein Mensch mit einem Satz. Hier sind noch 15 weitere Gründe, warum wir Ostern feiern.\n\n\n\nDenn Ostern ist der Moment, in dem Gottes einziger Sohn, Jesus, dein Todesurteil angenommen hat, den Termin gedient hat und ihn als beendet bezeichnet hat! Johannes 17,4, Johannes 19,30\nWeil Jesus die hässlichsten, dunkelsten Übel der Welt durch den schmerzhaftesten Tod in Trennung von seinem Vater angenommen hat, nur für den Fall, dass du dich 2.000 Jahre später entscheiden würdest, an ihn zu glauben. 1. Petrus 2,24\nWeil ich dachte, ich sei klug genug, gut genug, fürsorglich genug und stark genug, um ein Vater, Sohn, Ehemann, Ehemann, Angestellter, Bruder und Verwalter unseres Planeten zu sein - aber ich (und du) bleiben ständig zurück. Römer 3,23\nDenn der Stich unseres Versagens, den Gesetzen Gottes nicht vollkommen zu folgen, wurde durch den Sieg des leeren Grabes Christi verschluckt. Jesaja 25:8, 1 Korinther 15:54-56\nWeil unser Gott seinen Plan ausgeführt hat, das aufzugeben, was er verdient hat, um uns das zurückzugeben, was wir nie verdient haben - und zu verlieren verdient haben. Johannes 3,16\nDenn ohne Ostern ist unser Retter tot im Grab, aber mit Ihm sind unsere menschlichen Fehler in seinem Grab tot. 1. Korinther 15,17\nWeil Jesus selbst sagte, dass dies der Tag sei, an dem er verherrlicht würde. Johannes 12,23-25\nDenn wenn wir unser Leben in einer dunklen, toten Ecke finden, war Jesus bereits dort, und Er ist uns vorausgegangen, um einen anderen Weg zu gehen. Markus 16,6\nWeil wir unseren Gott getötet haben, der drei Tage vor seinem vollkommenen Vater, unserem Schöpfer, als vollkommener Mensch auf die Erde kam und ihn wieder zum Leben erweckte. Lukas 24,7\nDenn die gleiche Kraft, die die Erde erbeutet hat, die den Tod der Hölle gestohlen und sie zum Leben erweckt hat, die den Stein weggerollt hat, die die Dunkelheit zurückgedrängt hat, lebt, um Gottes Werk heute in unseren Herzen zu vollbringen. Apostelgeschichte 4,33\nWeil wir uns daran erinnern müssen, dass nichts Erstaunliches ohne Opfer geschieht. Römer 5,8 \nDenn dieser eine Tag fasst den Grund zusammen, warum Gott den Himmel verlassen hat, um als winziger, weinender Mensch in Seine unermessliche Schöpfung einzutreten. Römer 14,9\nWeil Jesus die Hoffnung der Welt ist, aber Er ist auch die Hoffnung meiner Welt. Matthäus 12,20-21\nWeil wir den Autor des Lebens getötet haben, aber Gott hat den Tod Jesu benutzt, um unserer Geschichte ein glückliches Ende zu bereiten. Apostelgeschichte 3,15\nWarum feiern wir Ostern? Weil Jesus. 1. Johannes 4,19"
"Trusic","A DJ Between The Clouds","Inspiration\n\nTrusic\n\nWhat it does\n\nHow we built it\n\nChallenges we ran into\n\nAccomplishments that we're proud of\n\nWhat we learned\n\nWhat's next for Trusic"
"Ostern sprüche","Ostern sprüche Sprüche Zu Ostern Ostersprüche 2019 Ostern sprüche 2019 Frohe Ostern sprüche Ostersprüche Lustig","Wenn du an Ostersprüche denkst, was fällt dir ein? Eierjagd und Schokoladenhasen? Vielleicht in die Kirche gehen und Kinder in neuer, pastellfarbener Kleidung und ausgefallenen Hüten sehen? Vielleicht am Sonntagabend mit der Familie, die Schinken und alle Einrichtungsgegenstände genießt?\n\nDas sind keine schlechten Dinge, aber sie umfassen wirklich nicht die Bedeutung der Auferstehung Jesu Christi. Die Auferweckung Jesu von den Toten ist das bedeutendste Ereignis im Christentum, weil sie den Neuen Bund begründet und den Weg für Nichtjuden geöffnet hat, eine Beziehung zu Gott zu haben.\n\nVon Anfang an\n\nIn der Genesis erfahren wir, wie Gott Mann und Frau nach seinem eigenen Bild erschaffen hat. Er stellte sie als Seine Botschafter auf die Erde, um zu regieren und zu herrschen, um die Herrschaft über den Rest der Schöpfung zu haben. Er hoffte auch, dass sie Luzifer, einen rebellischen, ehemaligen Erzengel im Himmel, der versuchte, Gott zu stürzen (Gott vertrieb ihn aus dem Himmel, und er ist jetzt bekannt als Satan), standhalten und unterwerfen würden.\n\nDoch Adam und Eva haben es versaut; sie hörten auf Satan und ungehorsam gegenüber Gott. Ihre Sünde trennte sie von Gott, also entwarf Gott einen Rettungsplan. Erstens, um Seine Schöpfung wieder mit Sich selbst zu versöhnen (was bedeutet, wieder Freunde zu werden), wies Gott die Menschen an, vollkommene Tiere zu opfern: Dieses unschuldige Blut würde die Sünden der Menschen bedecken und sie für Gott annehmbar machen. Tatsächlich gibt es \"ohne Blutvergießen keine Vergebung\" (Hebräer 9,22).\n\nWarum ist Jesus gestorben?\n\nAber das war noch nicht das Ende des Rettungsplans. Gott bestimmte, dass das Blut von Lämmern und Ziegen nur eine vorübergehende Lösung war. Er beschloss, seinen eigenen Sohn als letztes, vollkommenes Opfer für die Vergebung unserer Sünden zu geben: Das ist der Neue Bund. \"Denn Gott hat die Welt so sehr geliebt, dass er seinen eingeborenen Sohn gegeben hat, damit jeder, der an ihn glaubt, nicht verloren geht, sondern das ewige Leben hat\" (Johannes 3,16).\n\n\n\nKurz vor der Taufe Jesu sah Johannes der Täufer \"Jesus auf ihn zukommen und sagte: \"Siehe! Das Lamm Gottes, das die Sünde der Welt wegnimmt!'\" (Johannes 1,29). Jesus war das letzte Blutopfer, das perfekte Lamm, der Gottesmensch, dessen unschuldiges Blut uns für immer für Gott annehmbar machen würde.\n\nBei der letzten Mahlzeit, die er mit seinen Jüngern hatte, nahm Jesus \"den Kelch, dankte und gab ihn ihnen und sprach: Trinkt alle daraus. Denn das ist mein Blut des neuen Bundes, das für viele vergossen wird zur Vergebung der Sünden\" (Matthäus 26,27-28).\n\nDas Blut Jesu (Neuer Bund) ist mächtiger als das Blut der Tiere (Alter Bund). Hebräer 9:13-15 sagt: \"Denn wenn das Blut von Stieren und Ziegen und die Asche einer Kuh, die das Unreine besprengt, zur Reinigung des Fleisches heiligt, wie viel mehr wird das Blut Christi... dein Gewissen von toten Werken reinigen, um dem lebendigen Gott zu dienen? Und deshalb ist Er der Vermittler des neuen Bundes.\"\n\nJesus hat sich auch dem Willen seines Vaters unterworfen. Kurz bevor Jesus verhaftet und vor Gericht gestellt wurde (wegen Verbrechen, die er nicht begangen hatte), betete er und bat Gott, einen anderen Weg zu gehen: \"Abba, Vater, alles ist für dich möglich. Nehmt mir diesen Kelch weg; dennoch nicht, was ich will, sondern was ihr wollt\" (Markus 14,36). Jesus war bereit zu leiden, um den Plan des Vaters zur Erlösung der Menschheit zu erfüllen."
"Friend","Information Network For People Going Through the Same Life Issues","Inspiration\n\n\"And\"\n\nWhat it does\n\nGives information on mental disorders\n\nHow we built it\n\nUsing html. and CSS\n\nChallenges we ran into\n\nNode.js and getting it to work (we didn't)\n\nAccomplishments that we're proud of\n\nMade a website from scratch for the first time\n\nWhat we learned\n\nhow to make a website from scratch\n\nWhat's next for Friend\n\nmaking it with node.js to work"
"Movies By Flight Duration","Movies are sorted by flight duration to make for a more pleasant flight","Inspiration: Enjoying the flight experience!\n\nWhat it does: Filters movies by the duration of your flight.\n\nHow we built it: Using Java\n\nChallenges we ran into: Getting the View and Controller to work together correctly and learning how to build a Java GUI from scratch!\n\nAccomplishments that we're proud of: Having a product to show in time.\n\nWhat we learned\n\nWhat's next for Movies By Flight Duration: Integrating the back end and front end."
"AMC Rating System & Chatbox","Engaging with an online community without leaving AMC Networks","Inspiration\n\nOur struggles with picking shows to watch and interacting with others with similar taste in entertainment.\n\nWhat it does\n\nAllows viewers to rate and comment on a show/movie using words and/or emojis.\n\nHow we built it\n\nWe didn't build the application with code, but we hope to use Javascript to complete our project.\n\nChallenges we ran into\n\nLearning Javascript and building an application based on our mockups.\n\nAccomplishments that we're proud of\n\nWe are proud to brainstorm an idea that can be valuable to the company and can be possibly implemented to increase the social element and viewer engagement to series and movies.\n\nWhat we learned\n\nWe learned how to use Javascript and create a prompt window and using Bootstrap to use Modals.\n\nWhat's next for AMC Chatbox\n\nA rating system for videos, using emojis, much like FB posts, to indicate the overall favorability from past viewers that can be seen when hovered over the video."
"aing","Streaming Video bokep 2019","Sangat mujur sekali Pria bernama Deni ini, di hari yang sama dan jarak waktunya hanya selisih beberapa jam saja, dia bisa memuaskan hasrat sexs-nya kepada dua wanita sekaligus. Yang paling menarik dari pengalaman Deni ini adalah, kedua wanita yang telah disetubuhi itu, kedua-nya telah bersuami. Ingin Tahu kelanjutanya para pembaca ??? langsung saja simak cerita dibawah ini !!! Panggilan-ku Deni, aku adalah Pria berstatus bujang, http://45.64.97.12/ umur-ku 21 tahun, tinggi badanku 173 cm dan berat badan 67 kg. Saat ini aku masih duduk dibangku perkuliahan, aku tercatat sebagai seorang mahasiswa di salah satu universitas negri di kota-ku. Disini saya akan menceritakan Cerita sexs saya yang bisa dibilang ini adalah pengalaman pertamaku tentang sex nyata. Sebagai mahasiswa aku le bih nyaman tinggal disebuah rumah kost dari pada harus tinggal dirumah orang tuaku sendiri. Kost-kost-san yang aku tinggali saat itu terdiri dari 3 kamar. Kebetulan sekali kamarku terletak diantara kamar no 1 dan 3 dari pintu masuk kostan-ku. Jujur saja para pembaca, aku tergolong Pria yang mempunyai sifat pemalu dan cupu. Hari-hariku sering kuhabiskan di kost-san bila selesai dari perkuliahanku. Daripada harus berkumpul atau bergaul dengan teman-teman kuliahku yang memang berposisi kekinian, aku lebih suka untuk mengibur diri di kost-san. Untuk menghilangkan rasa bosan sekaligus untuk memuaskan hasrat sexs-ku yang terpendam, sering sekali menonton Film BF. http://45.64.97.11 Seperti Pria normal pada umumnya, Onani-lah yang menjadi pilihan terakhirku setelah menonton Film BF. Kost-kost san yang aku tinggali ditempati itu dihuni oleh beberapa penghuni kost. Dikamar no 1 dihuni oleh seorang wanita muda bersuami berumur 26 tahun yang bernama Anis. Tinggi badan Mila kira-kira 163 cm, berat badan 54 kg, Irma telah bersuam dan suaminya adalah seorang Driver. https://bokepselingkuh.site Anis dan suaminya sudah 6 tahun berumah tangga, mereka belum juga juga mempunyai seorang buah hati. Sedangkan di kamar no 3 dihuni oleh seorang wanita berusia 32 tahun, tinggi badan 164, berat badan 59 kg, dia bernama Mila. https://www.pornovdul.info Anis ini juga sudah bersuami, namun mereka berbeda, walaupun telah sama-sama bersuami, tapi Anis telah memiliki 1 orang anak yang kebetulan anaknya perempuan. Disitulah perbedaan mereka. Seperti biasa pada pagi hari semua penghuni kost sibuk dibelakang, mereka rata-rata mempunyai kegiatan mandi, dan mencuci pakaian. https://www.pornogrim.info Perlu diketahui bahwa kondisi di rumah ini memiliki 3 kamar kost, dari jumlah kamar yang ada kost-sanku ini hanya mempunyai 1 kamar mandi, dan letaknya terpisah dari kostan. Seperti biasa, aku yang akan mandi paling pertama dan paling pagi. Saat itu ketika aku sedang duduk santai sembari menonton TV, terdengarlah suara gemercik air seperti ada orang mandi. https://www.155kk.info Pada awalnya sih aku tidak memperdulikanya, namun lama-lama aku-pun menjadi penasaran juga dengan suara air gemercik tadi. Karena aku penasaran ketika itu aku-pun mencoba mengintip dari lubang kamar mandi yang letaknya dibelakang kamarku. Sungguh luar biasa para pembaca, setelah aku melihat ternyata yang mandi tadi adalah Mba Mila. Ketika aku mengintip saat itu aku benar-benar terpesona. https://www.pornobean.info Tapi saat itu aku melihat Mba mila sudah mulai mengeringkan tubuhnya dengan handuknya. Aku tidak tahu mengapa dia begitu berani untuk memamerkan tubuhnya pada tempat terbuka seperti itu. Mba’ Mila yang tidak terlalu gemuk ternyata dia memiliki payudara berukuran sekitar 32 C. Dari situlah Mba’ Mila terlihat Sexy sekali para pembaca, top markotop deh pokoknya. Dengan bentuknya yang mungil, dan sebagai seorang wanita yang telah bersuami, dia masih mempunyai bentuk payudara yang padat dan sangat kenyal sekali. Ditamabh lagi Mba’ Mila ini mempunyai puting yang berwarna agak kemerah-merahan. Saat itu aku terus mengamati dari balik celah kamar mandi, tanpa sadar ternyata batang Penisku sudah mulai tegak menantang para pembaca.hha. Karena aku sudah tidak tahan dengan pemandangan tersebut aku langsung onani sembari membayangkan seolah-olah aku sedang bercinta dengan Mba’ Mila ditempat terbuka tersebut. Semenjak kejadian itu, aku-pun menjadi ketagihan untuk selalu mengintip jika ada kesempatan. Pada Keesokan harinya, aku masih difikaranku masih terniang-niang akan bentuk tubuh Mba’ Mila. Singkat cerita, pada hari itu kebetulan adalah hari minggu. Pada hari libur itu tumben sekali aku bangun dan mandi sedikit kesiangan. Ketika itu setelah aku selesan dan keluar dari kamar mandi, mataku sudah dimanjakan dengan pemandangan indah. Pemandangan indah itu tidak lain adalah Mba’ Mila yang sedang mencuci baju dengan posisi berjongkok dan menghadapa kearahku. https://www.pornofuzz.info Karena posisinya seperti itu, maka saat itu belahan payudaranya yang terlihat sudah agak kendor, namun masih terlihat menarik sekali, karena ukuran payudara-nya kira-kira 34 C. Saa itu sesekali aku juga memperhatikan pantatnya, entah mengapa aku langsung bernafsu dibuatnya, mungkin saja karena aku sering menonton Film BF. Seperti biasanya batang Penisku-pun kembali tegak. Dan seperti biasa, aku-pun mengakhiri pemandangan itu dengan cara onani di kamar mandi. Singkat cerita 2 hari kemudian terjadilah keributan yang terdengar olehku, ternyata setelah aku keluar, keributan itu berasal dari Mba’ Mila yang sedang bertengkar hebat dengan suaminya. Saat itu dia menangis dan kulihat suaminya langsung pergi entah kemana. https://www.pornonosh.info Aku yang kebetulan berada disitu tidak bisa berbuat apa-apa. Yang ada dipikiranku adalah apa sebenarnya yang sedang terjadi. Pada keesokan harinya Mba’ Mila pergi dengan anaknya yang ucapnya akan pergi kerumah Ibunya Mba’ Mila.pada sore hari Mba’ Mila-pun telah pulang, dan saat itu aku-pun baru akan pergi mandi. Kebetulan saat itu Mba’ Mila juga akan Mandi. Setelah selesai manid aku-pun langsung buru-buru keluar dari kamar mandi karena kedinginan. Wah… sungguh rejeki untukku, dengan buru-burunya akau saat keluar dari kamar mandi, tanpa disengaja, aku menabrak Mba’ Mila. Oh iya, pada saat itu keadaan sangat gelap karena mati lampu, sehingga kami-pun bisa saling bertabrakan. Karena kejadian itu, Mba’ Mila-pun hampir jatuh. http://movieonline.me Dengan reflek-ku yang sangat cepat aku-pun langsung menangkap tubuhnya. Tenyata aku tanpa sengaja telah menyentuh Payudaranya. “ Aduh… maaf… maaf Mba’, aku tidak sengaja “, ucap-ku. “ Nggak, nggak apa-apa kok Dek, wong akunya aja yang nggak lihat-lihat “, balas-nya. Sejenak kami terdiam dikeheningan yang pada saat itu sama-sama merasakan dinginnya angin malam. Tanpa dikomando, tubuh kami kembali saling berdeucapn setelah tadi sempat malu karena keceDenohan kami berdua. Aku sangat degdegan dibuatnya dan tidak tahu harus berbuat apa pada posisi seperti ini. Sepertinya Mba’ Mila mengetahui bahwa aku belum pengalaman sama sekali. Dia kemudian mengambil inisiatif dan langsung memegang kejantan aku yang berada dibalik handuk, “ Uhhh…. Ssssss…. Ahhhh… “, rintih nikmat nikmatku. https://tik-tok.me Belum selesai aku merasakan beladian tangannya, tiba-tiba ujung Penisku terasa disentuh oleh benda lembut dan hangat. Mba’ Mila sudah berada dibawahku dengan posisi jongkok sembari mengulum Penisku. “ Ouhhh…. terus …. Ssssss…. . Ahhhh…. Enak … Ouhhhh… “, rintih nikmatku. Sekarang aku sudah telanjang bulat dibuatnya. 10 menit sudah Penisku dikulum oleh Mila. Aku yang tadi pemalu sekarang mulai mengambil tindakan. Mila aku perintahkan untuk berdiri dihadapanku dan langsung kulumat bibinya dengan lembut. “ Ssssss…. Ahhhhh…. . Ouhhh…. ”, rintih nikmat-nya ketika bibir kami saling berpagutan satu sama lain. Ciumanku sekarang telah berada pada lehernya, aroma sabun mandi yang masih melekat pada tubuhnya menambah gairahku, “ Ssss…. Ahhhh…. terusssDen…. Uhhhh… “, rintih nikmat nikmat Mila. Saat itu kepalanya menghadap keatas karena menahan nikmat. Kini tiba saat yang kutunggu. Handuk yang masih menutupi tubuhnya langsung kubuka tanpa hambatan. Secara samar-samar dapat kulihat bentuk Payudaranya. Kuremas dan kukecup dengan lembut dan, “ Aowww…. . Ssss…. Uhhh… terusss Den…. . Ssss… ahhhh…. “, rintih nikmat Mila menahan nikmat. Sembari terus mencicipi bagian tubuhnya akhirnya aku sampai juga didaerah Vagina-nya. Saat itu aku sedikit ragu untuk memcicipi Kewanitaa-nya yang sudah sedikit basah itu. Seperti di Film BF aku mencoba mempraktekkan posisi melumat Vagina wanita. Kucoba sedikit dengan ujung lidahku, rasanya ternyata sedikit asin dan berbau amis. Tetapi itu tidak menghentikanku untuk terus menjilatinya. Semakin lama rasa jijik yang ada berubah menjadi rasa nikmat yang luas biasa, “ Ssssss…. . Ouhhh…. teruss Den…. auwwww…. Enak sekali Den… Ahhh… “, Rintih nikmat The Mila semakin menjadi saja. Saat itu Mila tak mampu menahan nikmat dari jilatan maut aku yang sesekali kuiringi dengan memasukkan jariku ke Vagina-nya. “ Ouhhh… Te… Te mau keluar Den… ahhhhh… “, ucap nikmat-nya. Tanpa kusadari tiba-tiba keluar cairan kental dari vagina nya yang belakangan kutau bahwa itu adalah cairan wanita. Aku belum berhenti dan terus menjilati Vaginaya sampai bersih. Puas aku menjilati Vaginanya kemudian langsung aku angkat dia kedalam rumahnya menuju kamar tidurnya. Aduh…. benar-benar tak habis pikir olehku, wanita segede ini bisa kuangkat dengan mudah. Setelah sampai dikamarnya aku langsung terbaring dengan posisi terlentang. Mila tanpa diperintah sudah tahu apa yang kumau dan langsung mengambil posisi berada di atas aku. Aku yang berada dibawah saat itu sengaja tidak berbuat apa-apa dan membdiarkan Mila mengambil inisiatif untuk memuaskanku. Mila langsung memegang Penisku dan mencoba memasukkannya kedalam Vagina-nya. “ Blessssssssss…”, tanpa hambatan saat itu batang Penisku-pun tenggelam seluruhnya didalam liang kenikmatan Mila. “ Ssssss…. Ouhhh…. Ahhhhh…. ”, rintih nikmatku. Aku hanya terpejam merasakan Penisku seperti diperas-peras dan hangat sekali rasanya. Aku tak menyangka bahwa kenikmatan bersetubuh dengan wanita lebih nikmat dibanding dengan aku beronani. Mila mulai menggenjot pantatnya secara perlahan tapi pasti. “ Eughhh…. Ssssss…. ahhhh…. Ouhhhh…. ”, rintih nikmatku. Saat itu Mila terus melakukan gerakan yang sangat erotis. Rintih nikmatan Mila membuatku semakin bernafsu ditambah dengan Payudaranya bergoyang kesana-kemari. Rupanya aku tak bisa lagi tinggal ddiam. Aku berusaha mengimbangi genjotan Mila sehingga irama genjotan itu sangat merdu dan konstan. Tangankupun tidak mau kalah dengan pantatku. Aku berusaha mencapai kedua Payudara yang ada didepan mataku itu.Wow, indahnya pemandangan ini , ucap-ku dalam hati. Tidak puas dengan hanya menyentuh Payudara Mila, aku langsung mengambil posisi duduk sehingga Payudara Mila tepat berada didepan wajahku. Kembali aku melumat putingnya dengan lembut kiri dan kanan bergantian. “ Ahhhh…. ahhhh…. . ahhhh…. Ouhhh…. Ssss… Ahhhh… ”, rintih nikmat Mila kelihatannya tak tahan menahan nikmat dengan permainanku ini. Lama-kelamaan genjotan Mila semakin cepat dan aku “ Uhhh…. Ssss… Ahhhh… aku kelur…. ahhhh…. Ouhhh…. ”, deah Mila. Mila akhirnya mencapai klimaks untuk kedua kalinya. Sedangkan aku saat itu belum apa-apa, dan saat itu aku sempat merasa kesal karena tidak bisa klimaks secara bersamaan. Seketika itu aku langsung meminta Mila untuk kembali mengulum Penisku. Mila yang sudah mendapat kepuasan dengan semangat mengulum dan menjilati Penisku, “ Ssssss…. Ssssss…. ahhhhh…. Ouhhh ”, ucap-ku ketika Mila semakin mempercepat kuluman dan kocokannya pada Penisku. Sepertinya dia ingin segera memuaskanku dan menikmati air maniku. Kira-kira sekitar 8 menit Mila mengkulum, “ Ahhhh…. Ouhhh…. Crotttt…. Crotttt…. Crotttt…. Crotttt…. ” Akhirnya semua air maniku tersembur dimuka dan diseluruh tubuh Mila. Saat itu Mila tidak berhenti dengan kulumannya. Dia menjilati seluruh air maniku hampir tak tersisa. Saat itu sebenarnya aku sangat ngilu dibuatnya tapi sungguh masih sangat nikmat sekali. Setelah merasakan kepuasan yag tiada tara kami langsung jatuh terkulai ddiatas kasur. Mba’ Mila tampaknya sangat kelelahan dan langsung tertidur pulas dengan keadaan telanjang bulat. Aku yang takut jika ketahuan orang, saat itu juga aku langsung keluar dari kamar tersebut lalu mengambil handuk dan kembali ke rumah. Ketika aku baru akan keluar dari rumah Mila, alangkah terkejutnya aku ketika dihadapanku ada seorang wanita yang kuduga sudah berdiri disitu dari tadi dan menyaksikan semua permainan Sex kami. “ Ehemmm – Ehemmm…”, suara Anis. Setelah aku melihatnya ternyata dia tidak lain adalah Anis, “ Permisi Mba’, aku mau masuk dulu ”, ucap-ku pura-pura tidak ada apa-apa. Saat itu dengan berjalan secara teburu-buru aku langsung menuju rumahku untuk menghindari pertanyaan-pertanyaan dari Anis. Ketika aku akan masuk dengan tiba-tiba Anis, “ Den… Deni… !!! Berhenti… !!! “, ucap Anis. Mendengar perucapan Mila, saat itu aku langsung panas dingin dibuatnya. Dalam hatiku berucap jangan-jangan dia akan melaporkanku pada Kepala Desa, aku harus bagaimana nih, bisa-bisa aku diarak orang satu kampung. Lalu akupun memberanikan menjawab Mila, “ I… ii… Iya …. a…. aa… ada apa ya “, ucapku dengan terbata-bata. Mila langsung mendekat kepadaku dan berucap, “ Eh kamu Den, tadi kamu ngapain aja sama Mila, Mba’ bakal laporkan kejadian tadi pada suami Mila dan kepala desa ya !!! “, ancam Anis kepadaku. “ Ja… Jangan , tolong jangan lakukan itu. Kami melakukan hubungan tadi atas dasar suka sama suka … Tolong jangan laporkan kami , kumohon …”, ucapku memelas kepada Anis. Ketika suasana saat itu terasa menegangkan untuk aku, tiba-tiba Anis, “ Hahahahahhaha…”, Tawa Anis. Seketia itu aku semakin bingung dibuatnya karena mungkin Mila punya dendam dan sekarang berhasil memjawabkannya. Lalu dia berucap padaku, “ Udah kamu nggak usah takut Den, pokoknya sekarang kamu tetap berdiri disitu dan jangan sekali-kali bergerak kemanapun, Okey !!!”, ucapnya kepadaku. “ Sebenarnya mau te apa ??? Te mau melaporkan aku atau takut kalau aku lari “, ucap-ku dengan perasaan bingung dan takut. Tanpa menjawabku, Anis saat itu semakin mendeka padaku. Setelah tidak ada lagi jarak diantara kami, tiba-tiba tangan Mila langsung melepas handuk yang aku kenakan tadi, sehingga sat itu aku kembali telanjang bulat lagi, lalu, “ Mba’ jangan apa-apakan Penisku ya…” , ucap-ku. “ Nggak Den, kamu tenang aja ”, balas-nya Tidak kusangka saat itu Mila langsung berjongkok dan mulai mengocok Penisku begitu saja, “ Ahhhhh…. oghhhh…. Ssssss…. Ahhhh… ”, rintih nikmatku. Aku yang tadi-nya lemas, sekarang aku bergairah lagi karena kocokan Anis. Belum lagi aku selesai merasakan nikmatnya kocokan lembut dari tangan Anis, aku kembali merasakan ada benda lembut, hangat dan basah menyentuh kepala Penis aku. Aku langsung tahu bahwa itu adalah kuluman dan jilatan dari mulut Anis setelah tadi aku merasakannya dengan Anis. Kuluman dan jilatan Anis ternyata lebih nikmat dari Anis. Aku bertaruh bahwa Anis telah melakukan berbagai macam posisi dan variasi dengan suaminya untuk memperoleh keturunan. “ Ssssss…. ahhhhh…. Ouhhhh…. Aowww… aduhh…. Ssssss… Ahhhhh…. ”, rintih nikmatku menahan hebatnya kuluman Anis. Kira-kira sekitar10 menit aku dikulum olehnya, sekarang giliran Mila telah berganti posisi dengan menungging. Pantatp-nya yang kecil namun berisi itu sekarang menantangku untuk ditusuk segera dengan torpedoku… “ Den… Ayo cepetan…. !!! kamu sudah lama kan menginginkan hal ini. Mba’ tahu kamu sering ngintip Mba’ dari celah kamar itu Mba’, ayo buruan masukin Penis kamu dong !!!”, ucapnya dengan mesra sembari menungging. Jujur saja, saat itu aku jadi malu dibuatnya bahwa selama ini dia tahu akan perbuatanku. Tanpa pikir panjang aku langsung mencoba memasukkan batang Penisku ke liang kenikmatan Anis itu. Upzzz…. meleset deh pada tusukanku pada Vagina Anis yang pertama. Lalu aku kembali mecoba dan blessssssss…. pada akhirnya aku berhasil juga. Setelah Penis aku tertanamam dalam Vagina Anis, Gila nih perempuan, pikirku dalam hati. Ternyata lubang senggama-nya masih sempit sekali, ucap-ku dalam hati. Lalu deengan perlahan aku mencoba menggoyangkan pantatku maju-mundur. “ Ahhhh… ahhhh…. Ssss… Ouhhh…. ahhhh…. ”, rintih nikmat Anis menahan nikmat. Ketika itu aku semakin mempercepat goyanganku karena memang ini adalah posisi favoritku, “ Ahhhhh…. ahhhhh…. ahhhhh…. ooghhhh…. ”, rintih nikmat Anis semakin terdengar kencang. Melihat Payudaranya yang bergelantung dan bergoyang-goyang membuatku ingin mewujudkan impdianku selama ini. Sembari terus menggenjot Mila aku berusaha mencapai Payudaranya. Kuremas-remas dengan garangnya seolah meremas santan kelapa, “ Aowwwwww…. sakitt Den…. aduhhh…. Ssssss…. ahhhh…. ”, rintih Anis tak tahan akan permainanku. Ketiak itu aku tidak memperdulikannya dan tetap saja menggenjot Vaginaya dengan cepat dan kuat. Kemudian aku mengganti posisi dengan menggendong Anis didepanku. Blessssssss…. masuklah kembali batang Penisku kedalam Vagina-nya., lalu, “ Ssssss… Ahhhhhhhhhhh…. ”, rintih nikmat Anis menahan nikmat lagi. Saat itu aku mulai melumat bibir, menciumi seluruh leher dan kukecup kedua puting susunya yang merah itu, “ Ahhhhh… nikmat sekaali Den… Ouhhh…. ahhhhh…. ”, ucap Anis. Karena mendapat perlakuan yang demikian bertubi-tubi dari aku, pada akhirnya Mila tak sanggup lagi menahan klimaksnya, lalu, “ Aku keluarrrr Den…. Ssssss… Ahhhhh… ”, rintih nikmat Mba’ Anis ketika mendapatkan klimaksnya. Aku yang sedikit lagi juga hampir mendapatkan puncak aku, saat itu aku semakin menggenjot dengan cepat, “ Ceplak… Ceplak… Ceplak… Ceplak… Ceplak…” bunyi hentakan sodokan antara Penisku dan Vagina Anis yang sudah sangat basah tersebut. Tidak lama kemudian aku merasakan ada denyutan-denyutan di ujung batang Penisku dan akhirnya, “ Cruottt… Cruottt… Cruottt…”, akhirnya tersembur-lah air mani aku kedalam Vagina Anis. Setelah kami sama-sama mendapatkan klimaks kami, saat itu kami berciuman sembari merasakan sisa-sisa kenikmatan. Sejenak saat itu kami-pun duduk lemas dan bersandar pada tembok. Setelah itu kamipun bergegas kembali kerumah masing-masing. Singkat cerita esok harinya ketika bertemu, kami seolah-olah tidak pernah melakukan apapun. Perlu diketahui para pembaca sekalian, Sejak kejadian itu Anis tidak pernah lagi mau lagi berbicara dengan aku lagi. Sedangkan dengan Anis, terkadang masih melakukan hubungan sex dengan aku ketika dia sedang ingin ataupun sebaliknya ketika aku sedang sangat ingin melakukan hubungan Sex. Singkat cerita karena sekarang aku telah skripsi dan wisuda, aku-pun kini tidak lagi tinggal dikost itu. Walaupun aku tidak tinggal kost itu lagi, jujur dalam hati yang paling dalam, aku masih sangat merindukan untuk kembali kesana agar aku bisa melakukan hubungan sex dengan Anis ataupun dengan Mila. Meraka adalah 2 wanota bersuami yang sangat liar bagku."
"MomoTheCat","Momo the Cat fights off ghosts to win back a spell book. A recreation of the 2016 Google Halloween Doodle!","MomoTheCat\n\nMomo the Cat fights off ghosts to win back a spell book. A recreation of the 2016 Google Halloween Doodle!\n\nThis project was created for educational purposes. Images used are temporary and will be replaced in the future."
"climate","A cool climate change project","Climate Project - HackTrin 2019"
"WatcHer","A platform that promotes awareness for gender equality in the movie industry through simple data visualization tools.","Despite the increase awareness of gender inequality in the entertainment industry, the inequality behind the scenes are not fully recognised by the pubic. This platform allows users to see the reality of women's participation in film-making.; in other words, sharing how women create stories that influence our culture."
"Flask-with-Protocol-Buffer-Serializer","Flask sample project to demonstrate working with protocol buffers in request and response.","Flask-with-Protocol-Buffer-Serializer\n\nFlask sample project to demonstrate working with protocol buffers in request and response.\n\nRuns currently on python 2. To run it on Python 3, just change add parentheses of print statements in each file.\n\nStudy more about Protocol buffer here.\n\nTo get this example running, do these steps.\n\n\nFirst create a .proto file with the schema of your request/response classes. An example is given in the file addressbook.proto\nNow, when you have created the .proto file, you have to generate python classes/descriptors for each and everything in your .proto file. To help automate this, Google provides protoc compiler and can be downloaded with help of this blog as the documentation is not quite good.\nAfter installing the compiler, run the command protoc -I=. --python_out=. ./addressbook.proto. A file addressbook_pb2.py will be created.\nNow, you can use this file to serialise/deserialise your protobuf files. You can learn more about these files here.\nI have provided 2 files make_proto_file.py to generate a sample protobuf file (saved as a binary file) and read_display_proto_file.py to display the contents of the binary protobuf file on stdout.\nTo run any of these files, provide a system argument as the name of binary file to be created. As example - python make_proto_file.py protofile1.pb.\nNow, you can run the Flask app by python flask_test.py.\nUse curl with the following command to test -\ncurl -X POST -H \"Accept: application/x-protobuf\" -H \"Content-type: application/x-protobuf\" http://127.0.0.1:5000/load --data-binary @protofile1.pb > outputfile.pb. The contents of the file will be printed as a json object after deserialisation of the protobuf file.\nAt last, you can check the output of outputfile.pb. In this case, it will be the same as we are uploading the same file, and returning the same.\n\n\nIssues, contributions and additional examples are welcome."
"&","A multiplayer game where you AND another person shoot each other.","Inspiration\n\nwe started with a unity demo class today and learned the basics of unity. then we found an online tutorial on how to make multiplayer games with unity and downloaded the texture packs, images and animations. \n\nWhat it does\n\nyou and another person each have one tank and try to shoot at each other. (WASD - SPACE and ARROW KEYS - ENTER)\n\nHow we built it\n\nwe used a combo of online demos and videos abt unity.\n\nChallenges we ran into\n\nwe originally got a lot of errors with the adding the second tank and making the second tank spawn. \n\nAccomplishments that we're proud of\n\nwe were able to customize the field at the end. \n\nWhat we learned\n\nhow to use unity and c. \n\nWhat's next for &\n\nmake the game easier to play and have more levels."
"Best Hrms software in Kerala","Best hrms software in Kerala,hrms software company in Kerala","It was the highly demanded software development company in Kerala. The professional software developers have great skills for the development of innovative products. It was the famous hrms software company in Kerala offer best hrms software in Kerala. The company follows core principles of software development. It was the intelligent mobile app development company in Kerala. They design and develop large applications with innovative skills and knowledge. It was the worldwide software services in Kerala offer all kind of software solutions."
"climate","data visualization of climate change in the us throughout history and in the future","Inspiration Krishan Dave\n\nWhat it does\n\nHow we built it\n\nChallenges we ran into\n\nAccomplishments that we're proud of\n\nWhat we learned\n\nWhat's next for climate"
"emuChatBot","Twitch: dcain (Chat bots)","twitch_chat_bots\n\nemuChatBot Twitch: dcain (Chat bots) (Emulator Control)\n\nPart 1: Chat bot example connecting and reading chat\n\nPart 2: Chat bot example connecting, reading, and taking chat input as control instructions (pyautogui)\n\n\nEmulators work well, I personally use a gba one and pretty much any turn by turn type game."
"BlambTour","Application for traveling and looking for souvenirs according to the budget","Inspiration\n\nBlambTour adalah aplikasi untuk meningkatkan kenyamanan para wisatawan dan pemburu oleh-oleh khas Banyuwangi dalam menikmati pariwisata di Banyuwangi  karena aplikasi ini akan memberikan referensi berdasarkan budget yang dimiliki. Budget dan gaya wisata merupakan satu packaging yang menjadi pertimbangan wisatawan dalam berwisata. \nPusat oleh2 khas Banyuwangi merupakan the power of UMKM Banyuwangi. Produk oleh-oleh khas Banyuwangi sedang concern terhadap pasar Internasional. \n\nWhat it does\n\nHow I built it\n\nChallenges I ran into\n\nAccomplishments that I'm proud of\n\nWhat I learned\n\nWhat's next for BlambTour"
"cleaning Services in calicut","this is about cleaning agency","There is a good news for every one especially those who are busy with  their tight scheduled works. Our cleaning  Services in Trissur and  cleaning Services in calicut offer  flexible and systematic cleaning services. When you call our highly qualified team members, you can trust our work and get  finishing touch for all your personal properties. According to your concept cleaning company in thrissur  and cleaning company in calicut,whether it is daily clean ups or monthly clean ups we can help you accordingly."
"3d food printer to replace cafeteria workers","-","-\n\nInspiration\n\nWhat it does\n\nHow I built it\n\nChallenges I ran into\n\nAccomplishments that I'm proud of\n\nWhat I learned\n\nWhat's next for 3d food printer to replace cafeteria workers"
"Astro Naut Dinosaurs (AND)","its in the name. Astro Naut Dinosaurs","Inspiration\n\nthe theme\n\nWhat it does\n\nfun adventure game\n\nHow I built it\n\nscratch\n\nChallenges I ran into\n\nprocrastination\n\nAccomplishments that I'm proud of\n\nthe game\n\nWhat I learned\n\nnew functions\n\nWhat's next for Astro Naut Dinosaurs (AND)\n\n;)"
"Hacktrin VI Project: Maze Riddle","You must play each maze to solve a riddle using the \"and\" operator. Good luck!",":)"
"GalGo","Linking womxn to other fem travel buddies for similar short trips","Inspiration\n\nAny female knows the uncomfortable, uneasy feeling of commuting alone.\nBeing alone makes you vulnerable to unwanted confrontation.\n\nWhat it does\n\nThis app links you with other female-identifying persons who are traveling in a similar direction. The app allows you to select your preferred mode of travel, and has a built-in chat feature to coordinate a meet-up location with your new travel buddy and discuss whether you take the subway or order a shared ride. \n\nHow we built it\n\nWe wrote a Python script to allow the user to input their username and password to assign them a userid number, and direct them to input their starting location and ending location. The script will then output their travel journey on a map to visually confirm their journey is correct. The user will then be matched to an entry selected from a dummy database of other user's anticipated travel journeys (starting and ending locations) which is most similar to their travel journey.\n\nChallenges we ran into\n\nUnfortunately, hot tea was spilled onto the laptop that had the website and front-end of the app.\nTherefore we had to submit a keynote presentation as a mock-up of the front-end.\n\nWhat we learned\n\n(don't drink liquids next to your computers!)\n\nWhat's next for GalGo\n\n-Interface the python scripts with a web application\n\n-Scale up to the rest of the world\n\n-build a database that is updated real-time with user information"
"Boundless","Boundless provides on-flight virtual tourism. As airplanes fly over exotic locations, the world comes to life.","Summary\n\nBoundless's goal is to create an in-flight environment that will not be the typical, tedious, and tiring journey that you only wish would speed up. Instead the airplane journey will become a time of adventure and exploration. Let the tourism start early with the Google Cardboard virtual reality set. Each passenger will be provided with a google cardboard, and as the flight passes over exotic locations, the passengers will be able to explore the various attractions located beneath them. Imagine the cool museums, the thriving metropolitan, the breathtaking national parks. All of these can be accessed through the Boundless website. \n\nWhat it does\n\nWhile on the flight, passengers will be provided with the Boundless website link and a Google Cardboard. Upon entering the website, they will be prompted to enter their flight number. The airplane's flight path will appear on screen and passengers will be able to select and explore the locations in virtual reality as they fly over them.\n\nChallenges we ran into\n\nOver the duration of the project, we faced many challenges. Mainly, it was hard to configure the virtual reality properly so that it would work with our website. Additionally, we had to research API's and flight tracking mechanisms in order to design a functional project. After integrating a map into our website, we had difficulty linking the virtual reality simulations to the app. \n\nWhat's next for Boundless\n\nOur next steps include partnering with an airline and linking our website to their mobile apps. We would also like to add more virtual reality locations that have more information and attraction details provided. Additionally, the website will prompt passengers with an option to purchase flight tickets to visit the locations that they toured through virtual reality."
"Donut Racers","You ever been to a Dunkin Donuts and wanted to put the donuts on your car?","I was in a Dunkin Donuts one day when I saw a delicious looking donut. A car reved its engine outside. I thought to myself, \"what if my car had donut wheels\".\n\nIt is a driving game in which players drive around a circular track with donut wheels.\n\nWe used Unreal Engine 4 to create the 3D graphics, blender to create the meshes, and c++ to create the code.\n\nWe ran into a challenge early on where we couldn't figure out how to get the car to move. At first, we thought about just applying forces, but we later realized that a suspension system would work better.\n\nWe are proud of how our game looks and the many features our game have.\n\nWe learned about physics concepts like forces and impulses, we learned alot more about 3D modeling than would have otherwise. In addition, we learned how to fine tune a game.\n\nMore content and customization"
"DEWIKU","DEsa WIsata umKm terpadU","DEWIKU (DEsa WIsata umKm terpadU)\n\nMerupakan ide aplikasi untuk memajukan dan memperkenalkan Kabupaten Banyuwangi, khususnya di bidang Pariwisata dan UMKM (Usaha Mikro Kecil Menengah). Sasaran ini murni ditujukan untuk menyejahterakan perekonomian masyarakat di Banyuwangi, khususnya desa wisata yang akan lebih diangkat ke depannya. Integrasi beberapa sektor sangat ditonjolkan pada implementasi nantinya, meliputi: Desa Wisata, UMKM, transportasi dan lain sebagainya. Ide ini masih sebatas konsep, belum riil terbentuk aplikasi, akan tetapi developer akan berusaha mewujudkannya jika diizinkan untuk mempresentasikan di acara Hackathons Pintar 1.0.\n\nSektor yang terlibat di dalamnya antara lain:\n\n\nDesa Wisata\nDi dalam aplikasi, kita akan memperkenalkan pariwisata apa saja yang tersedia di Kabupaten Banyuwangi. Desa-desa akan diberikan motivasi untuk memajukan dan mempromosikan daerahnya masing-masing. Hal ini bertujuan agar wisatawan lebih mudah mencari informasi lebih detil. Sebagai contoh, Desa Pesanggaran memiliki obyek wisata Pantai Pulau Merah. Penduduk desa setempat dapat menawarkan penginapan (home stay) lengkap beserta makanannya. Masyarakat sekitar dapat menawarkan harga paket, semisal: menginap selama 3 hari dengan harga Rp. xxx lengkap dengan jadwal kunjungan wisatanya. Desa Wisata akan berperan seolah-olah seperti layaknya Event Organizer sehingga diharapkan setiap desa akan berlomba-lomba untuk melakukan inovasi yang kreatif. Selain sistem paket, desa wisata juga menyediakan sistem non paket, semisal: wisatawan hanya membutuhkan tempat untuk menginap saja, tanpa memesan makanan maupun tour guide ke tempat wisata.\nUMKM\nProduk Usaha Mikro dan Kecil Menengah penduduk lokal juga akan diangkat sebagai oleh-oleh khas dari Kabupaten Banyuwangi, sehingga semakin terkenal di Indonesia maupun manca negara. Oleh-oleh tidak hanya makanan kering yang dibawa pulang, akan tetapi penduduk dapat menyuguhkan makanan basah khas desa pada saat wisatawan berkunjung. Hal ini akan memberikan motivasi agar masyarakat lebih kreatif dalam menciptakan produk-produk baru atau mengemas oleh-oleh khas daerah menjadi tampilan yang lebih menarik. Dengan demikian, perekonomian warga semakin terangkat.\nTransportasi\nAplikasi ini akan memberdayakan kerja sama dengan ojek online lokal khusus daerah Kabupaten Banyuwangi, terutama wisatawan yang membutuhkan transportasi baik berupa mobil, motor maupun yang lainnya. Diharapkan dibentuk paguyuban resmi untuk menaungi ojek online lokal agar lebih tertata dan nyaman ke depannya. Sehingga pendapatan ojek online lokal dapat bertambah dan bersaing dengan pemain besar lainnya, seperti: Grab atau Gojek.\nTeknologi\nAplikasi ini nantinya juga akan dilengkapi beberapa inovasi yang akan menunjang kemudahan dalam penggunaan. Sosial media akan dihadirkan sehingga wisatawan dapat upload video atau foto untuk mengisi timeline, layaknya kita menggunakan Facebook atau Instagram. Integrasi dengan google maps akan membantu wisatawan untuk mengetahui detil lokasi desa wisata, baik berupa jarak tempuh dan estimasi waktu perjalanan. Transaksi semuanya bersifat online dengan memanfaatkan Virtual Payment yang akan dikoordinir dengan dinas terkait. Fasilitas chat dengan driver ojek online lokal juga akan melengkapi kemudahan pada aplikasi ini. Tak lupa juga bot yang siap memberikan informasi secara real time melalui WhatsApp untuk menjawab pertanyaan-pertanyaan yang diajukan wisatawan dengan format tertentu.\n\n\nDemikian ide dari kami, semoga dapat memberikan solusi dan kontribusi positif untuk kemajuan Kabupaten Banyuwangi, khususnya mewujudkan Desa Wisata dan memajukan produk UMKM serta transportasi lokal.\n\nTerima kasih.\n\nNB: demo aplikasi nantinya dapat diakses ke link jika ide ini benar-benar dipercaya untuk dikembangkan atau diimplementasikan di acara Hackathons Pintar 1.0."
"Carry-on Caring (jetBlue)","Improving Customer Service with a Personalized Approach","Carry-On Caring (jetBlue Project)\n\nhack_it_together_2019\n\nPlan: \nUser will log into the wifi and provide confirmation number of flight. Once confimed, they will be redirected to a personalized website\n\nPersonalized Website Includes:\n\n1. Check-ups:\n\n\nWill include:\n\n\nFlight number\nButton to call the attendants\nDrop down menu: Water, Food, Barf Bag, Food, Other\nPurchases provided for?\nCan I have some travel lotion\nMid-way check ups?\n\n\nLonger flights\nAnything we can do?\n\n\n\n\n2. Cabin Crew Info\n\n\nPilot info:\n\n\nName\nLangauges\nHometown\nFun facts\nPhoto\n\nFlight attendants:\n\n\nName\nHometown\nLittle facts about them\nPhoto\nLanguages\n\n\n\nHex Codes for Reference\n\n\nmain blue: #013E7D\n\n2nd darkest: #005CA9\n\nlight blue: #4E90CC"
"JETBLUE_NoMoreWaiting","Know the wait to beat the wait!","Inspiration\n\nWaiting on lines STINKS!!!! \n\nWhat it does\n\nEstimates airport wait time so you can manage your time accordingly\n\nHow we built it\n\nSWEAT, TOIL, AND PYTHON\n\nChallenges we ran into\n\n\"Whats an API? \"\n\"Whos JSON?\"\n\"Why is this not working!?!?!?!?\"\n\nAccomplishments that we're proud of\n\nWE MADE A WORKING API!!!! WE DIDNT EVEN KNOW WHAT THAT WAS BEFORE TODAY!!!\n\nWhat we learned\n\nLots and Lots\n\nWhat's next for JETBLUE_NoMoreWaiting\n\nWidespread airline wait time estimations so when arriving at an airport your never met with an unpleasant suprise"